SAMP_HEIGHT,D13C,LITH,BIOSAMPLE,BIOHEIGHT,FIRST_OCCURRENCE,AGE,SEDRATE,NEWH,NEWBH,NEWHC,Udet,UH,nUdet
0,3.118378501,Baleas,NaN,NaN,NaN,NaN,NaN,NaN,NaN,,1.133333333,0.2,
2,2.480559301,,Gorguera,8,Gn. texanus,,,,,,0.86,0.4,
4,2.140055032,,Canalon,19,Gn. praebilineatus,,,,,,1.16,0.6,
6,2.147532855,,Millaro,51,G. truyolsi,,,,,,1.016666667,0.8,
6.8,2.140758634,,Barcalienta,56,D. bernesgae,,,,,,0.746666667,1,
7.87,2.886069595,,,,,,,,,,0.833333333,1.2,
8,2.936914192,,,,,,,,,,1.343333333,1.4,
9,3.234874786,,,,,,,,,,0.796666667,1.6,
9.01,3.255614529,Gorguera,,,,,,,,,0.51,1.8,
10,3.004705699,,,,,,,,,,0.876666667,1.9,
10.9,2.841185012,,,,,,,,,,0.683333333,2.35,
11.05,2.962695722,,,,,,,,,,0.99,2.5,
19,3.246339688,,,,,,,,,,1.13,2.65,
21,3.274097608,,,,,,,,,,0.826666667,2.8,
22,3.340452701,Canalon,,,,,,,,,0.833333333,2.95,
22.9,3.368740074,,,,,,,,,,0.516666667,3.1,
24,3.448105882,,,,,,,,,,0.956666667,3.25,
25,3.553901482,,,,,,,,,,0.4,3.4,
26,3.388179948,,,,,,,,,,0.713333333,3.6,
26.01,3.353346827,,,,,,,,,,0.696666667,3.9,
27,3.66735086,,,,,,,,,,0.993333333,4.1,
28.1,3.498774116,,,,,,,,,,0.476666667,4.2,
29.95,3.410846191,,,,,,,,,,0.67,4.4,
31,3.301914625,,,,,,,,,,0.523333333,4.6,
33,3.457134046,,,,,,,,,,1.053333333,4.8,
34,3.256227007,,,,,,,,,,0.99,5.05,
36,2.947466727,,,,,,,,,,0.826666667,5.2,
37,3.142228052,,,,,,,,,,0.59,5.4,
38,3.160620864,,,,,,,,,,0.77,5.6,
39,3.284787382,,,,,,,,,,0.35,5.9,
39.01,3.324444885,,,,,,,,,,0.803333333,6.2,
40,2.740555607,,,,,,,,,,0.713333333,6.4,
40.9,3.099382272,,,,,,,,,,0.516666667,6.6,
41.9,3.669495946,SanAdrian,,,,,,,,,0.623333333,6.8,
43.1,3.489485769,,,,,,,,,,0.553333333,7,
44,3.95846497,,,,,,,,,,0.68,7.2,
44.3,3.945214626,,,,,,,,,,0.616666667,7.4,
45,3.865157577,,,,,,,,,,1.8,7.65,
45.6,4.083136948,,,,,,,,,,2.786666667,7.8,
46.1,3.982140868,,,,,,,,,,1.96,8,
47.1,3.98701161,,,,,,,,,,2.03,8.2,
47.2,3.972111969,,,,,,,,,,1.676666667,8.45,
48,3.762373227,,,,,,,,,,1.686666667,8.6,
48.9,3.951963596,,,,,,,,,,2.103333333,8.8,
50,3.699929113,,,,,,,,,,1.976666667,9,
51,3.978056226,,,,,,,,,,2.37,9.2,
52,3.154881381,,,,,,,,,,3.156666667,9.4,
53,3.833438779,Millaro,,,,,,,,,2.586666667,9.6,
54,2.892334526,,,,,,,,,,2.606666667,9.8,
55.5,4.246686636,,,,,,,,,,3.303333333,10,
56,4.529100193,,,,,,,,,,2.73,10.2,
57,4.636003315,,,,,,,,,,3.223333333,10.4,
57.1,4.566700292,Barcaliente,,,,,,,,,2.206666667,10.6,
57.9,4.597511145,,,,,,,,,,2.45,10.8,
59,4.636479575,,,,,,,,,,3.886666667,11,
60.7,4.257783261,,,,,,,,,,5.633333333,12.6,
61,4.508629617,,,,,,,,,,5.196666667,12.8,
61.14,4.552735424,,,,,,,,,,6.2,13,
61.32,4.603007308,,,,,,,,,,6.353333333,13.2,
61.6,4.58497147,,,,,,,,,,4.133333333,13.4,
62,4.129306818,,,,,,,,,,4.44,13.6,
62.25,4.527898996,,,,,,,,,,4.973333333,13.8,
62.85,4.273835531,,,,,,,,,,6.76,14,
62.89,4.241878987,,,,,,,,,,3.63,14.2,
64,3.720935774,,,,,,,,,,4.983333333,14.4,
65,3.803571149,,,,,,,,,,4.49,14.6,
65.85,4.598446717,,,,,,,,,,3.643333333,14.8,
67.15,4.85459079,,,,,,,,,,4.41,15,
68.1,5.095618781,,,,,,,,,,4.963333333,15.2,
68.9,5.064086579,,,,,,,,,,5.01,15.4,
70,4.814801132,,,,,,,,,,6.19,15.6,
71,5.15046499,,,,,,,,,,6.516666667,15.8,
72,5.059974361,,,,,,,,,,13.18666667,16,
73,5.031445295,,,,,,,,,,5.463333333,17.2,
73.1,5.024677176,,,,,,,,,,4.48,17.4,
74,5.12002455,,,,,,,,,,4.73,17.6,
74.9,5.09915585,,,,,,,,,,5.006666667,17.8,
76.7,5.110421104,,,,,,,,,,4.11,18,
77,5.081689415,,,,,,,,,,3.843333333,18.2,
77.12,5.441315502,,,,,,,,,,6.06,18.5,
77.3,5.126863724,,,,,,,,,,4.846666667,18.6,
77.45,5.335094611,,,,,,,,,,4.88,18.8,
77.7,5.250236012,,,,,,,,,,3.97,19,
78,5.056555293,,,,,,,,,,3.083333333,19.2,
79,5.065066281,,,,,,,,,,3,19.4,
79.1,5.04389119,,,,,,,,,,2.406666667,19.6,
80.15,4.504354781,,,,,,,,,,2.32,19.8,
81,4.903354189,,,,,,,,,,2.526666667,20,
82,4.8714086,,,,,,,,,,2.346666667,20.2,
83.95,4.554747667,,,,,,,,,,2.81,20.4,
84.95,4.550676651,,,,,,,,,,2.203333333,20.6,
86.6,4.674478673,,,,,,,,,,3.12,20.8,
87.6,4.645819567,,,,,,,,,,5.863333333,21,
88.6,4.144577603,,,,,,,,,,5.21,21.2,
89.6,4.387638319,,,,,,,,,,4.443333333,21.4,
91.6,4.278118272,,,,,,,,,,2.956666667,21.6,
91.7,4.264212739,,,,,,,,,,3.7,22.2,
92.6,4.448550281,,,,,,,,,,5.51,22.4,
94.6,4.445476083,,,,,,,,,,3.86,22.6,
95.6,4.248708522,,,,,,,,,,2.773333333,22.8,
96.6,4.345801515,,,,,,,,,,4.133333333,23,
97.6,4.403137377,,,,,,,,,,2.573333333,23.2,
98.6,4.54459303,,,,,,,,,,2.4,23.4,
99.6,4.673397915,,,,,,,,,,3.723333333,23.6,
100.6,4.603907583,,,,,,,,,,3.856666667,23.8,
101.6,4.385628241,,,,,,,,,,3.68,24,
102.6,4.559113382,,,,,,,,,,3.253333333,24.2,
102.7,4.552182954,,,,,,,,,,2.056666667,24.8,
103.6,4.576051609,,,,,,,,,,2.903333333,25,
104.6,4.454841563,,,,,,,,,,3.133333333,25.2,
105.4,4.540276307,,,,,,,,,,2.336666667,25.4,
106.6,4.327222859,,,,,,,,,,1.786666667,25.6,
110.6,4.251904463,,,,,,,,,,1.843333333,25.8,
111.6,4.295980097,,,,,,,,,,3.223333333,26,
113.6,4.272970312,,,,,,,,,,1.43,26.2,
113.75,4.326721558,,,,,,,,,,2.326666667,26.4,
113.8,4.260489807,,,,,,,,,,1.85,26.6,
113.9,4.027460158,,,,,,,,,,2.68,26.8,
113.91,4.003437915,,,,,,,,,,2.513333333,27.5,
114,4.392919829,,,,,,,,,,1.11,27.75,
115.6,NaN,,,,,,,,,,2.36,28,
116.6,3.48135589,,,,,,,,,,2.576666667,28.25,
117.6,4.105294927,,,,,,,,,,2.03,28.5,
118.6,4.264110171,,,,,,,,,,2.313333333,28.75,
118.82,4.204878525,,,,,,,,,,1.64,29,
118.95,4.209508779,,,,,,,,,,1.396666667,29.4,
119.05,4.235157048,,,,,,,,,,0.793333333,29.6,
119.16,4.38425922,,,,,,,,,,2.2,29.8,
119.6,4.07875653,,,,,,,,,,1.703333333,30,
119.7,4.091038881,,,,,,,,,,2.506666667,30.25,
119.93,4.271486137,,,,,,,,,,2.053333333,30.5,
120.6,4.234696624,,,,,,,,,,1.713333333,30.75,
122.6,4.293416787,,,,,,,,,,2.373333333,31,
123.6,4.336380365,,,,,,,,,,3.61,31.25,
124.6,4.254570334,,,,,,,,,,3.05,31.5,
126.1,4.403815395,,,,,,,,,,2.27,31.75,
129.6,4.139732167,,,,,,,,,,2.036666667,32,
129.7,4.182050804,,,,,,,,,,2.153333333,32.2,
133.6,3.998487486,,,,,,,,,,3.493333333,32.4,
133.85,4.113500955,,,,,,,,,,2.39,32.6,
134,3.866724609,,,,,,,,,,1.796666667,32.8,
134.01,3.827910692,,,,,,,,,,1.043333333,33,
134.25,4.122443861,,,,,,,,,,1.033333333,33.2,
134.6,4.231628328,,,,,,,,,,2.546666667,33.5,
135.6,4.357314767,,,,,,,,,,2.516666667,33.75,
137.6,4.433420813,,,,,,,,,,2.173333333,34,
138.6,4.210360308,,,,,,,,,,2.276666667,34.2,
148.6,NaN,,,,,,,,,,1.78,34.4,
141.6,4.590940437,,,,,,,,,,2.913333333,34.6,
143.6,4.621035918,,,,,,,,,,2.203333333,34.8,
144.6,4.484440191,,,,,,,,,,1.76,35,
146.6,4.594160987,,,,,,,,,,1.726666667,35.2,
146.7,4.574837689,,,,,,,,,,2.01,35.4,
148.6,4.593383613,,,,,,,,,,3.586666667,35.6,
149.6,4.373830967,,,,,,,,,,2.56,35.8,
150.6,4.682115309,,,,,,,,,,2.04,36,
151.6,4.690333263,,,,,,,,,,2.253333333,36.2,
154.6,4.943312993,,,,,,,,,,2.376666667,36.4,
156.7,4.891117877,,,,,,,,,,2.053333333,36.6,
158.6,4.986401727,,,,,,,,,,2.13,36.8,
159.6,4.971742673,,,,,,,,,,1.606666667,37,
160.6,4.489437595,,,,,,,,,,2.343333333,37.2,
161.6,4.777065998,,,,,,,,,,1.36,37.4,
161.7,4.758964287,,,,,,,,,,2.316666667,37.6,
161.85,4.752078974,,,,,,,,,,2.83,37.8,
162.25,4.711655523,,,,,,,,,,3.243333333,38,
162.75,4.609375307,,,,,,,,,,3.816666667,38.2,
163.15,4.754077936,,,,,,,,,,1.493333333,38.4,
163.6,4.737975188,,,,,,,,,,2.22,38.65,
165.3,4.15616623,,,,,,,,,,1.64,38.85,
,,,,,,,,,,,1.68,39,
,,,,,,,,,,,1.36,39.3,
,,,,,,,,,,,1.816666667,39.4,
,,,,,,,,,,,1.706666667,39.6,
,,,,,,,,,,,1.77,39.8,
,,,,,,,,,,,2.716666667,40,
,,,,,,,,,,,2.24,40.2,
,,,,,,,,,,,2.106666667,40.4,
,,,,,,,,,,,0.92,40.6,
,,,,,,,,,,,1.11,40.8,
,,,,,,,,,,,0.753333333,41,
,,,,,,,,,,,0.78,41.2,
,,,,,,,,,,,1.076666667,41.4,
,,,,,,,,,,,1.13,41.6,
,,,,,,,,,,,0.386666667,41.8,
,,,,,,,,,,,0.243333333,42,
,,,,,,,,,,,0.183333333,42.2,
,,,,,,,,,,,0.593333333,42.4,
,,,,,,,,,,,0.706666667,42.6,
,,,,,,,,,,,0.366666667,42.8,
,,,,,,,,,,,0.973333333,43,
,,,,,,,,,,,1.236666667,43.2,
,,,,,,,,,,,0.466666667,43.4,
,,,,,,,,,,,0.933333333,43.6,
,,,,,,,,,,,0.893333333,43.8,
,,,,,,,,,,,0.93,44,
,,,,,,,,,,,0.92,44.2,
,,,,,,,,,,,0.663333333,44.4,
,,,,,,,,,,,0.883333333,44.6,
,,,,,,,,,,,0.8,44.8,
,,,,,,,,,,,1.536666667,45,
,,,,,,,,,,,0.736666667,45.2,
,,,,,,,,,,,1.42,45.4,
,,,,,,,,,,,0.873333333,45.6,
,,,,,,,,,,,1.386666667,45.8,
,,,,,,,,,,,0.743333333,46,
,,,,,,,,,,,0.983333333,46.2,
,,,,,,,,,,,0.693333333,46.4,
,,,,,,,,,,,0.563333333,46.6,
,,,,,,,,,,,0.553333333,46.8,
,,,,,,,,,,,1.166666667,47,
,,,,,,,,,,,1.996666667,47.2,
,,,,,,,,,,,1.146666667,47.4,
,,,,,,,,,,,0.943333333,47.6,
,,,,,,,,,,,1.046666667,47.8,
,,,,,,,,,,,1.083333333,48,
,,,,,,,,,,,1.116666667,48.2,
,,,,,,,,,,,1.346666667,48.4,
,,,,,,,,,,,1.14,48.6,
,,,,,,,,,,,1.096666667,48.8,
,,,,,,,,,,,1.053333333,49,
,,,,,,,,,,,1.52,49.2,
,,,,,,,,,,,1.72,49.4,
,,,,,,,,,,,1.583333333,49.55,
,,,,,,,,,,,1.98,49.85,
,,,,,,,,,,,1.976666667,49.95,
,,,,,,,,,,,1.15,50.25,
,,,,,,,,,,,1.62,50.4,
,,,,,,,,,,,1.563333333,50.6,
,,,,,,,,,,,1.723333333,50.8,
,,,,,,,,,,,1.31,51,
,,,,,,,,,,,0.85,51.2,
,,,,,,,,,,,0.756666667,51.4,
,,,,,,,,,,,0.6,51.6,
,,,,,,,,,,,1.116666667,51.8,
,,,,,,,,,,,1.266666667,52,
,,,,,,,,,,,2.906666667,52.2,
,,,,,,,,,,,3.226666667,52.4,
,,,,,,,,,,,3.61,52.6,
,,,,,,,,,,,2.37,52.8,
,,,,,,,,,,,2.476666667,53,
,,,,,,,,,,,1.763333333,53.2,
,,,,,,,,,,,3.336666667,53.4,
,,,,,,,,,,,4.373333333,53.6,
,,,,,,,,,,,3.52,53.8,
,,,,,,,,,,,4.156666667,54,
,,,,,,,,,,,5.296666667,54.2,
,,,,,,,,,,,4.976666667,54.4,
,,,,,,,,,,,6.367777778,55,
,,,,,,,,,,,5.653333333,55.225,
,,,,,,,,,,,3.153333333,55.42,
,,,,,,,,,,,2.283333333,55.62,
,,,,,,,,,,,2.04,55.825,
,,,,,,,,,,,1.607777778,56,
,,,,,,,,,,,2.101111111,56.175,
,,,,,,,,,,,2.264444444,56.4,
,,,,,,,,,,,1.731111111,56.58,
,,,,,,,,,,,1.261111111,56.775,
,,,,,,,,,,,1.354444444,57,
,,,,,,,,,,,1.632222222,57.2,
,,,,,,,,,,,1.365555556,57.4,
,,,,,,,,,,,1.64,57.625,
,,,,,,,,,,,1.345555556,57.8,
,,,,,,,,,,,1.438888889,58,
,,,,,,,,,,,1.39,58.2,
,,,,,,,,,,,1.391111111,58.425,
,,,,,,,,,,,0.905555556,58.625,
,,,,,,,,,,,0.649166667,58.775,
,,,,,,,,,,,1.121111111,59,
,,,,,,,,,,,1.433333333,59.225,
,,,,,,,,,,,1.113333333,59.45,
,,,,,,,,,,,0.621111111,59.575,
,,,,,,,,,,,0.671111111,59.775,
,,,,,,,,,,,0.555555556,59.975,
,,,,,,,,,,,1.004444444,60.175,
,,,,,,,,,,,1.525555556,60.325,
,,,,,,,,,,,1.116666667,60.575,
,,,,,,,,,,,1.083333333,60.8,
,,,,,,,,,,,0.905555556,60.975,
,,,,,,,,,,,1.236666667,61.15,
,,,,,,,,,,,1.523333333,61.25,
,,,,,,,,,,,2.105555556,61.5,
,,,,,,,,,,,2.413333333,61.55,
,,,,,,,,,,,1.573333333,61.65,
,,,,,,,,,,,1.29,61.825,
,,,,,,,,,,,0.644444444,62,
,,,,,,,,,,,0.956666667,62.225,
,,,,,,,,,,,0.845555556,62.45,
,,,,,,,,,,,0.632222222,62.575,
,,,,,,,,,,,0.673333333,62.775,
,,,,,,,,,,,0.701111111,63,
,,,,,,,,,,,0.905555556,63.15,
,,,,,,,,,,,0.914444444,63.375,
,,,,,,,,,,,1.186666667,63.575,
,,,,,,,,,,,1.697777778,63.75,
,,,,,,,,,,,1.955555556,63.975,
,,,,,,,,,,,1.854444444,64.175,
,,,,,,,,,,,1.888888889,64.35,
,,,,,,,,,,,1.2,64.5,
,,,,,,,,,,,1.091111111,64.8,
,,,,,,,,,,,1.147777778,65,
,,,,,,,,,,,1.181111111,65.2,
,,,,,,,,,,,1.344444444,65.4,
,,,,,,,,,,,1.236666667,65.575,
,,,,,,,,,,,1.643333333,65.775,
,,,,,,,,,,,1.184444444,65.975,
,,,,,,,,,,,0.847777778,66.2,
,,,,,,,,,,,1.107777778,66.425,
,,,,,,,,,,,1.255555556,66.6,
,,,,,,,,,,,1.052222222,66.775,
,,,,,,,,,,,1.05,67,
,,,,,,,,,,,1.695555556,67.225,
,,,,,,,,,,,0.91,67.5,
,,,,,,,,,,,1.104444444,67.675,
,,,,,,,,,,,0.964444444,67.85,
,,,,,,,,,,,1.164444444,68.05,
,,,,,,,,,,,0.953333333,68.225,
,,,,,,,,,,,1.44,68.425,
,,,,,,,,,,,1.103333333,68.625,
,,,,,,,,,,,1.402222222,68.8,
,,,,,,,,,,,0.913333333,69,
,,,,,,,,,,,0.922222222,69.2,
,,,,,,,,,,,0.727777778,69.425,
,,,,,,,,,,,0.906666667,69.6,
,,,,,,,,,,,1.132222222,69.8,
,,,,,,,,,,,1.217777778,70,
,,,,,,,,,,,0.704444444,70.175,
,,,,,,,,,,,0.701111111,70.375,
,,,,,,,,,,,0.521111111,70.575,
,,,,,,,,,,,0.768888889,70.775,
,,,,,,,,,,,0.685555556,71,
,,,,,,,,,,,0.701111111,71.225,
,,,,,,,,,,,0.745555556,71.4,
,,,,,,,,,,,0.778888889,71.625,
,,,,,,,,,,,0.562222222,71.8,
,,,,,,,,,,,0.836666667,71.95,
,,,,,,,,,,,0.905555556,72.15,
,,,,,,,,,,,0.678888889,72.35,
,,,,,,,,,,,0.934444444,72.675,
,,,,,,,,,,,0.747777778,72.825,
,,,,,,,,,,,0.811111111,73,
,,,,,,,,,,,0.917777778,73.2,
,,,,,,,,,,,0.917777778,73.4,
,,,,,,,,,,,0.872222222,73.625,
,,,,,,,,,,,0.493333333,73.85,
,,,,,,,,,,,0.375555556,74.025,
,,,,,,,,,,,0.571111111,74.225,
,,,,,,,,,,,0.47,74.375,
,,,,,,,,,,,0.95,74.6,
,,,,,,,,,,,0.612222222,74.775,
,,,,,,,,,,,0.705555556,75,
,,,,,,,,,,,0.417777778,75.175,
,,,,,,,,,,,0.63,75.4,
,,,,,,,,,,,0.705555556,75.6,
,,,,,,,,,,,0.813333333,75.775,
,,,,,,,,,,,0.79,76,
,,,,,,,,,,,0.662222222,76.175,
,,,,,,,,,,,0.482222222,76.4,
,,,,,,,,,,,0.924444444,76.575,
,,,,,,,,,,,0.807777778,76.8,
,,,,,,,,,,,0.806666667,76.875,
,,,,,,,,,,,0.726666667,77,
,,,,,,,,,,,0.953333333,77.15,
,,,,,,,,,,,0.816666667,77.3,
,,,,,,,,,,,1.09,77.4,
,,,,,,,,,,,0.835555556,77.5,
,,,,,,,,,,,0.75,77.6,
,,,,,,,,,,,0.833333333,77.7,
,,,,,,,,,,,0.607777778,77.8,
,,,,,,,,,,,0.453333333,77.975,
,,,,,,,,,,,0.302222222,78.225,
,,,,,,,,,,,0.534444444,78.4,
,,,,,,,,,,,0.485555556,78.625,
,,,,,,,,,,,0.522222222,78.825,
,,,,,,,,,,,0.414444444,79.075,
,,,,,,,,,,,0.412222222,79.225,
,,,,,,,,,,,0.466666667,79.475,
,,,,,,,,,,,0.385555556,79.675,
,,,,,,,,,,,0.4,79.8,
,,,,,,,,,,,0.417777778,80.05,
,,,,,,,,,,,0.517777778,80.225,
,,,,,,,,,,,0.363333333,80.4,
,,,,,,,,,,,0.78,80.575,
,,,,,,,,,,,0.471111111,80.75,
,,,,,,,,,,,0.878888889,80.975,
,,,,,,,,,,,0.724444444,81.2,
,,,,,,,,,,,0.921111111,81.4,
,,,,,,,,,,,0.807777778,81.6,
,,,,,,,,,,,0.415555556,81.8,
,,,,,,,,,,,0.488888889,82.025,
,,,,,,,,,,,0.443333333,82.25,
,,,,,,,,,,,0.475555556,82.425,
,,,,,,,,,,,0.447777778,82.7,
,,,,,,,,,,,0.37,82.925,
,,,,,,,,,,,0.461111111,83.025,
,,,,,,,,,,,0.357777778,83.25,
,,,,,,,,,,,0.456666667,83.4,
,,,,,,,,,,,0.545555556,83.6,
,,,,,,,,,,,0.495555556,83.775,
,,,,,,,,,,,0.281111111,83.975,
,,,,,,,,,,,0.593333333,84.15,
,,,,,,,,,,,0.356666667,84.35,
,,,,,,,,,,,0.566666667,84.525,
,,,,,,,,,,,0.633333333,84.6,
,,,,,,,,,,,0.293333333,84.8,
,,,,,,,,,,,0.596666667,85,
,,,,,,,,,,,0.61,85.2,
,,,,,,,,,,,0.31,85.4,
,,,,,,,,,,,0.696666667,85.6,
,,,,,,,,,,,0.28,85.8,
,,,,,,,,,,,0.676666667,86,
,,,,,,,,,,,0.256666667,86.2,
,,,,,,,,,,,0.483333333,86.2,
,,,,,,,,,,,0.706666667,86.4,
,,,,,,,,,,,0.4,86.6,
,,,,,,,,,,,0.6,86.8,
,,,,,,,,,,,0.93,87,
,,,,,,,,,,,0.26,87.2,
,,,,,,,,,,,0,87.4,
,,,,,,,,,,,0.69,87.6,
,,,,,,,,,,,0.376666667,87.8,
,,,,,,,,,,,0.273333333,88,
,,,,,,,,,,,0.263333333,88.2,
,,,,,,,,,,,0.096666667,88.4,
,,,,,,,,,,,0.376666667,88.6,
,,,,,,,,,,,0.283333333,88.8,
,,,,,,,,,,,0.133333333,89,
,,,,,,,,,,,0.693333333,89.2,
,,,,,,,,,,,0.433333333,89.4,
,,,,,,,,,,,0.086666667,89.6,
,,,,,,,,,,,0.18,89.8,
,,,,,,,,,,,0.35,90,
,,,,,,,,,,,0.223333333,90.2,
,,,,,,,,,,,0.226666667,90.4,
,,,,,,,,,,,0.333333333,90.6,
,,,,,,,,,,,0.003333333,90.8,
,,,,,,,,,,,0.12,91,
,,,,,,,,,,,0.346666667,91.2,
,,,,,,,,,,,0.536666667,91.4,
,,,,,,,,,,,0.476666667,91.6,
,,,,,,,,,,,0.053333333,91.8,
,,,,,,,,,,,0.593333333,92,
,,,,,,,,,,,0.493333333,92.2,
,,,,,,,,,,,0.513333333,92.4,
,,,,,,,,,,,0.573333333,92.6,
,,,,,,,,,,,0.44,92.8,
,,,,,,,,,,,0.63,93,
,,,,,,,,,,,0.456666667,93.2,
,,,,,,,,,,,0.61,93.4,
,,,,,,,,,,,0.363333333,93.6,
,,,,,,,,,,,0.1,93.8,
,,,,,,,,,,,0.35,94,
,,,,,,,,,,,0.44,94.2,
,,,,,,,,,,,0.473333333,94.4,
,,,,,,,,,,,0.31,94.6,
,,,,,,,,,,,0.12,94.8,
,,,,,,,,,,,0.48,95,
,,,,,,,,,,,0.706666667,95.2,
,,,,,,,,,,,0.726666667,95.4,
,,,,,,,,,,,0.193333333,95.6,
,,,,,,,,,,,0.326666667,95.8,
,,,,,,,,,,,0.16,96,
,,,,,,,,,,,0.07,96.2,
,,,,,,,,,,,0.01,96.4,
,,,,,,,,,,,0.41,96.6,
,,,,,,,,,,,0.226666667,96.8,
,,,,,,,,,,,0.29,97,
,,,,,,,,,,,0.22,97.2,
,,,,,,,,,,,0.423333333,97.4,
,,,,,,,,,,,0.286666667,97.6,
,,,,,,,,,,,0.363333333,97.8,
,,,,,,,,,,,0.226666667,98,
,,,,,,,,,,,0.283333333,98.2,
,,,,,,,,,,,0.436666667,98.4,
,,,,,,,,,,,0.423333333,98.6,
,,,,,,,,,,,0.666666667,98.8,
,,,,,,,,,,,0.256666667,99,
,,,,,,,,,,,0.543333333,99.2,
,,,,,,,,,,,0.563333333,99.4,
,,,,,,,,,,,0.406666667,99.6,
,,,,,,,,,,,0.19,99.8,
,,,,,,,,,,,0.566666667,100,
,,,,,,,,,,,0.186666667,100.2,
,,,,,,,,,,,0.39,100.4,
,,,,,,,,,,,0.34,100.6,
,,,,,,,,,,,0.703333333,100.8,
,,,,,,,,,,,0.223333333,101,
,,,,,,,,,,,0.21,101.2,
,,,,,,,,,,,0.43,101.4,
,,,,,,,,,,,0.166666667,101.6,
,,,,,,,,,,,0.143333333,101.8,
,,,,,,,,,,,0.273333333,102,
,,,,,,,,,,,0.333333333,102.2,
,,,,,,,,,,,0.236666667,102.4,
,,,,,,,,,,,0.186666667,102.6,
,,,,,,,,,,,0.096666667,102.8,
,,,,,,,,,,,0.13,103,
,,,,,,,,,,,0.216666667,103.2,
,,,,,,,,,,,0.58,103.4,
,,,,,,,,,,,0.18,103.6,
,,,,,,,,,,,0.34,103.8,
,,,,,,,,,,,0.45,104,
,,,,,,,,,,,0.263333333,104.2,
,,,,,,,,,,,0.26,104.4,
,,,,,,,,,,,0.5,104.6,
,,,,,,,,,,,0.233333333,104.8,
,,,,,,,,,,,0.096666667,105,
,,,,,,,,,,,0.443333333,105.2,
,,,,,,,,,,,0.826666667,105.4,
,,,,,,,,,,,0.38,105.6,
,,,,,,,,,,,0.856666667,105.8,
,,,,,,,,,,,0.34,106,
,,,,,,,,,,,0.37,106.2,
,,,,,,,,,,,0.423333333,106.4,
,,,,,,,,,,,0.236666667,106.6,
,,,,,,,,,,,0.483333333,106.8,
,,,,,,,,,,,0.333333333,107,
,,,,,,,,,,,0.363333333,107.2,
,,,,,,,,,,,0.15,107.4,
,,,,,,,,,,,0.416666667,107.6,
,,,,,,,,,,,0,107.8,
,,,,,,,,,,,0.146666667,108,
,,,,,,,,,,,0.076666667,108.2,
,,,,,,,,,,,0.103333333,108.4,
,,,,,,,,,,,0.37,108.6,
,,,,,,,,,,,0.236666667,108.8,
,,,,,,,,,,,0.25,109,
,,,,,,,,,,,0.193333333,109.2,
,,,,,,,,,,,0.173333333,109.4,
,,,,,,,,,,,0.266666667,109.6,
,,,,,,,,,,,0.173333333,109.8,
,,,,,,,,,,,0.306666667,110,
,,,,,,,,,,,0.333333333,110.2,
,,,,,,,,,,,0.226666667,110.4,
,,,,,,,,,,,0.256666667,110.6,
,,,,,,,,,,,0.46,110.8,
,,,,,,,,,,,0.226666667,111,
,,,,,,,,,,,0.526666667,111.2,
,,,,,,,,,,,0.49,111.4,
,,,,,,,,,,,0.58,111.6,
,,,,,,,,,,,0.076666667,111.8,
,,,,,,,,,,,0.106666667,112,
,,,,,,,,,,,0.453333333,112.2,
,,,,,,,,,,,0.153333333,112.4,
,,,,,,,,,,,0.466666667,112.6,
,,,,,,,,,,,0.19,112.8,
,,,,,,,,,,,0.23,113,
,,,,,,,,,,,0.513333333,113.2,
,,,,,,,,,,,0.413333333,113.4,
,,,,,,,,,,,0.403333333,113.6,
,,,,,,,,,,,0.43,113.8,
,,,,,,,,,,,1.21,114,
,,,,,,,,,,,0.623333333,114.2,
,,,,,,,,,,,0.146666667,114.4,
,,,,,,,,,,,0.236666667,114.6,
,,,,,,,,,,,0.236666667,114.8,
,,,,,,,,,,,0.366666667,115,
,,,,,,,,,,,0.4,115.2,
,,,,,,,,,,,0.563333333,115.4,
,,,,,,,,,,,0.276666667,115.6,
,,,,,,,,,,,0.49,115.8,
,,,,,,,,,,,0.18,116,
,,,,,,,,,,,0.27,116.2,
,,,,,,,,,,,0.636666667,116.4,
,,,,,,,,,,,0.51,116.6,
,,,,,,,,,,,0.543333333,116.8,
,,,,,,,,,,,0.253333333,117,
,,,,,,,,,,,0.04,117.2,
,,,,,,,,,,,0.46,117.4,
,,,,,,,,,,,0.33,117.6,
,,,,,,,,,,,0.456666667,117.8,
,,,,,,,,,,,0.316666667,118,
,,,,,,,,,,,0.21,118.2,
,,,,,,,,,,,0.436666667,118.4,
,,,,,,,,,,,0.776666667,118.6,
,,,,,,,,,,,0.986666667,118.8,
,,,,,,,,,,,0.44,118.9,
,,,,,,,,,,,0.723333333,119,
,,,,,,,,,,,0.49,119.1,
,,,,,,,,,,,0.71,119.2,
,,,,,,,,,,,0.3,119.3,
,,,,,,,,,,,0.83,119.4,
,,,,,,,,,,,0.546666667,119.5,
,,,,,,,,,,,0.46,119.6,
,,,,,,,,,,,0.633333333,119.8,
,,,,,,,,,,,0.186666667,120,
,,,,,,,,,,,0.103333333,120.2,
,,,,,,,,,,,0.313333333,120.4,
,,,,,,,,,,,0.193333333,120.6,
,,,,,,,,,,,0.226666667,120.8,
,,,,,,,,,,,0.643333333,121,
,,,,,,,,,,,0.213333333,121.2,
,,,,,,,,,,,0.73,121.4,
,,,,,,,,,,,0.526666667,121.6,
,,,,,,,,,,,0.223333333,121.8,
,,,,,,,,,,,0.18,122,
,,,,,,,,,,,0.696666667,122.2,
,,,,,,,,,,,0.676666667,122.4,
,,,,,,,,,,,0.64,122.6,
,,,,,,,,,,,0.34,122.8,
,,,,,,,,,,,0.306666667,123,
,,,,,,,,,,,0.62,123.2,
,,,,,,,,,,,0.556666667,123.4,
,,,,,,,,,,,0.323333333,123.6,
,,,,,,,,,,,0.446666667,123.8,
,,,,,,,,,,,0.49,124,
,,,,,,,,,,,0.523333333,124.2,
,,,,,,,,,,,0.24,124.4,
,,,,,,,,,,,0.43,124.6,
,,,,,,,,,,,0.326666667,124.8,
,,,,,,,,,,,0.31,125,
,,,,,,,,,,,0.77,125.2,
,,,,,,,,,,,0.453333333,125.4,
,,,,,,,,,,,0.363333333,125.6,
,,,,,,,,,,,0.75,125.8,
,,,,,,,,,,,0.753333333,126,
,,,,,,,,,,,0.756666667,126.2,
,,,,,,,,,,,0.7,126.4,
,,,,,,,,,,,0.243333333,126.6,
,,,,,,,,,,,0.233333333,126.8,
,,,,,,,,,,,0.316666667,127,
,,,,,,,,,,,0.473333333,127.2,
,,,,,,,,,,,0.626666667,127.4,
,,,,,,,,,,,0.116666667,127.6,
,,,,,,,,,,,0.57,127.8,
,,,,,,,,,,,0.463333333,128,
,,,,,,,,,,,0.553333333,128.2,
,,,,,,,,,,,0.45,128.4,
,,,,,,,,,,,0.48,128.6,
,,,,,,,,,,,0.7,128.8,
,,,,,,,,,,,0.486666667,129,
,,,,,,,,,,,0.693333333,129.2,
,,,,,,,,,,,0.57,129.4,
,,,,,,,,,,,0.953333333,129.6,
,,,,,,,,,,,0.84,129.8,
,,,,,,,,,,,0.496666667,130,
,,,,,,,,,,,0.636666667,130.2,
,,,,,,,,,,,0.29,130.4,
,,,,,,,,,,,0.736666667,130.5,
,,,,,,,,,,,0.336666667,130.6,
,,,,,,,,,,,0.103333333,130.8,
,,,,,,,,,,,0,131,
,,,,,,,,,,,0.223333333,131.2,
,,,,,,,,,,,0.283333333,131.4,
,,,,,,,,,,,0.453333333,131.6,
,,,,,,,,,,,0.126666667,131.8,
,,,,,,,,,,,0.453333333,132,
,,,,,,,,,,,0.51,132.2,
,,,,,,,,,,,0.316666667,132.4,
,,,,,,,,,,,0.623333333,132.6,
,,,,,,,,,,,0.203333333,132.8,
,,,,,,,,,,,0.616666667,133,
,,,,,,,,,,,0.883333333,133.2,
,,,,,,,,,,,0.996666667,133.4,
,,,,,,,,,,,0.196666667,133.6,
,,,,,,,,,,,0.816666667,133.8,
,,,,,,,,,,,1.34,133.9,
,,,,,,,,,,,0.326666667,134,
,,,,,,,,,,,0.376666667,134.2,
,,,,,,,,,,,0.72,134.4,
,,,,,,,,,,,0.476666667,134.6,
,,,,,,,,,,,0.933333333,134.8,
,,,,,,,,,,,0.91,135,
,,,,,,,,,,,1.296666667,135.2,
,,,,,,,,,,,0.706666667,135.4,
,,,,,,,,,,,0.73,135.6,
,,,,,,,,,,,0.493333333,135.7,
,,,,,,,,,,,0.39,135.8,
,,,,,,,,,,,0.356666667,136,
,,,,,,,,,,,0.746666667,136.2,
,,,,,,,,,,,0.66,136.4,
,,,,,,,,,,,0.75,136.6,
,,,,,,,,,,,0.63,136.8,
,,,,,,,,,,,1.083333333,137,
,,,,,,,,,,,0.78,137.2,
,,,,,,,,,,,0.456666667,137.4,
,,,,,,,,,,,0.46,137.6,
,,,,,,,,,,,0.39,137.8,
,,,,,,,,,,,0.516666667,138,
,,,,,,,,,,,0.356666667,138.2,
,,,,,,,,,,,0.516666667,138.4,
,,,,,,,,,,,0.223333333,138.6,
,,,,,,,,,,,0.44,138.8,
,,,,,,,,,,,0.54,139,
,,,,,,,,,,,0.336666667,139.2,
,,,,,,,,,,,0.203333333,139.4,
,,,,,,,,,,,0.25,139.6,
,,,,,,,,,,,0.816666667,139.8,
,,,,,,,,,,,0.613333333,140,
,,,,,,,,,,,0.61,140.2,
,,,,,,,,,,,0.176666667,140.4,
,,,,,,,,,,,0.506666667,140.6,
,,,,,,,,,,,0.67,140.8,
,,,,,,,,,,,0.706666667,141,
,,,,,,,,,,,0.496666667,141.2,
,,,,,,,,,,,0.826666667,141.4,
,,,,,,,,,,,0.333333333,141.6,
,,,,,,,,,,,0.413333333,141.8,
,,,,,,,,,,,0.856666667,142,
,,,,,,,,,,,0.403333333,142.2,
,,,,,,,,,,,0.75,142.3,
,,,,,,,,,,,0.236666667,142.4,
,,,,,,,,,,,0.076666667,142.6,
,,,,,,,,,,,0.68,142.8,
,,,,,,,,,,,0.606666667,143,
,,,,,,,,,,,0.076666667,143.2,
,,,,,,,,,,,0.323333333,143.4,
,,,,,,,,,,,0.583333333,143.6,
,,,,,,,,,,,0.4,143.8,
,,,,,,,,,,,0.513333333,144,
,,,,,,,,,,,0.49,144.2,
,,,,,,,,,,,0.5,144.4,
,,,,,,,,,,,0.643333333,144.6,
,,,,,,,,,,,0.426666667,144.8,
,,,,,,,,,,,0.533333333,145,
,,,,,,,,,,,0.34,145.2,
,,,,,,,,,,,0.38,145.4,
,,,,,,,,,,,0.333333333,145.6,
,,,,,,,,,,,0.513333333,145.8,
,,,,,,,,,,,0.58,146,
,,,,,,,,,,,0.79,146.2,
,,,,,,,,,,,1.256666667,146.4,
,,,,,,,,,,,0.756666667,146.6,
,,,,,,,,,,,1.273333333,146.8,
,,,,,,,,,,,0.34,147,
,,,,,,,,,,,0.816666667,147.2,
,,,,,,,,,,,1.07,147.4,
,,,,,,,,,,,0.4,147.6,
,,,,,,,,,,,0.816666667,147.8,
,,,,,,,,,,,0.713333333,148,
,,,,,,,,,,,0.87,148.2,
,,,,,,,,,,,1.21,148.4,
,,,,,,,,,,,0.483333333,148.6,
,,,,,,,,,,,0.83,148.8,
,,,,,,,,,,,1.19,149,
,,,,,,,,,,,1.363333333,149.2,
,,,,,,,,,,,0.953333333,149.4,
,,,,,,,,,,,1.596666667,149.6,
,,,,,,,,,,,3.27,149.7,
,,,,,,,,,,,3.4,149.8,
,,,,,,,,,,,2.69,149.9,
,,,,,,,,,,,1.626666667,150,
,,,,,,,,,,,1.01,150.2,
,,,,,,,,,,,0.37,150.4,
,,,,,,,,,,,1,150.6,
,,,,,,,,,,,0.666666667,150.8,
,,,,,,,,,,,0.59,151,
,,,,,,,,,,,0.773333333,151.2,
,,,,,,,,,,,0.5,151.4,
,,,,,,,,,,,0.453333333,151.6,
,,,,,,,,,,,0.566666667,151.8,
,,,,,,,,,,,0.313333333,152,
,,,,,,,,,,,0.533333333,152.2,
,,,,,,,,,,,0.39,152.4,
,,,,,,,,,,,0.58,152.6,
,,,,,,,,,,,0.586666667,152.8,
,,,,,,,,,,,0.636666667,153,
,,,,,,,,,,,0.223333333,153.2,
,,,,,,,,,,,0.373333333,153.4,
,,,,,,,,,,,0.65,153.6,
,,,,,,,,,,,0.463333333,153.8,
,,,,,,,,,,,0.723333333,154,
,,,,,,,,,,,0.546666667,154.2,
,,,,,,,,,,,0.423333333,154.4,
,,,,,,,,,,,0.633333333,154.6,
,,,,,,,,,,,0.756666667,154.8,
,,,,,,,,,,,0.49,155,
,,,,,,,,,,,0.7,155.2,
,,,,,,,,,,,0.623333333,155.4,
,,,,,,,,,,,0.463333333,155.6,
,,,,,,,,,,,0.533333333,155.8,
,,,,,,,,,,,0.386666667,156,
,,,,,,,,,,,0.306666667,156.2,
,,,,,,,,,,,0.52,156.4,
,,,,,,,,,,,0.886666667,156.6,
,,,,,,,,,,,0.303333333,156.8,
,,,,,,,,,,,0.463333333,157,
,,,,,,,,,,,0.103333333,157.2,
,,,,,,,,,,,0.426666667,157.4,
,,,,,,,,,,,0.303333333,157.6,
,,,,,,,,,,,0.506666667,157.8,
,,,,,,,,,,,0.066666667,158,
,,,,,,,,,,,0.603333333,158.2,
,,,,,,,,,,,0.003333333,158.4,
,,,,,,,,,,,0.263333333,158.6,
,,,,,,,,,,,0.676666667,158.8,
,,,,,,,,,,,0.43,159,
,,,,,,,,,,,0.97,159.2,
,,,,,,,,,,,0.543333333,159.4,
,,,,,,,,,,,0.623333333,159.6,
,,,,,,,,,,,0.32,159.8,
,,,,,,,,,,,0.4,160,
,,,,,,,,,,,0.713333333,160.2,
,,,,,,,,,,,0.573333333,160.4,
,,,,,,,,,,,0.586666667,160.6,
,,,,,,,,,,,0.303333333,160.8,
,,,,,,,,,,,0.586666667,161,
,,,,,,,,,,,0.51,161.2,
,,,,,,,,,,,0.706666667,161.4,
,,,,,,,,,,,0.333333333,161.6,
,,,,,,,,,,,0.786666667,161.8,
,,,,,,,,,,,0.656666667,162,
,,,,,,,,,,,0.386666667,162.2,
,,,,,,,,,,,1.076666667,162.4,
,,,,,,,,,,,0.986666667,162.6,
,,,,,,,,,,,0.356666667,162.8,
,,,,,,,,,,,0.436666667,163,
,,,,,,,,,,,0.6,163.2,
,,,,,,,,,,,0.66,163.4,
,,,,,,,,,,,0.546666667,163.6,
,,,,,,,,,,,0.476666667,163.8,
,,,,,,,,,,,0.196666667,164,
,,,,,,,,,,,0.273333333,164.2,
,,,,,,,,,,,0.526666667,164.4,
,,,,,,,,,,,0.35,164.6,
,,,,,,,,,,,0.273333333,164.8,
,,,,,,,,,,,0.113333333,165,
,,,,,,,,,,,0.426666667,165.2,
,,,,,,,,,,,0.513333333,165.4,
,,,,,,,,,,,0.613333333,165.6,
,,,,,,,,,,,0.56,165.8,
,,,,,,,,,,,0.386666667,166,
,,,,,,,,,,,0.653333333,166.2,
,,,,,,,,,,,0.453333333,166.4,